{
  "final_step": 6063,
  "stopped_by_time": true,
  "max_hours": 6.7,
  "global_elapsed_hours": 6.716237259772089,
  "best_metric_rf_1step_rgb_l1": 0.0918117817491293,
  "final_val": {
    "val/samples": 8.0,
    "val/feature_bicubic/rgb_l1": 0.12525605410337448,
    "val/feature_bicubic/psnr": 20.621581678462093,
    "val/feature_bicubic/ssim": 0.5165636576712132,
    "val/feature_bicubic/lpips": 0.23185093887150288,
    "val/feature_bicubic/lf_error_vs_base": 0.02525926590897143,
    "val/feature_bicubic/lf_error_vs_hr": 0.029965950176119804,
    "val/feature_bicubic/hf_error_vs_hr": 0.09506538696587086,
    "val/feature_bicubic/feature_l1_base": 4.226719677448273,
    "val/feature_bicubic/feature_l1_1step": 3.1585382521152496,
    "val/feature_bicubic/feature_l1_2step": 3.158580392599106,
    "val/feature_bicubic/feature_l1_4step": 3.1844655871391296,
    "val/feature_bicubic/feature_fft_1step": 1.7287891060113907,
    "val/feature_bicubic/feature_delta_abs_1step": 2.710138499736786,
    "val/feature_bicubic/gate_mean": 0.9962301924824715,
    "val/feature_bicubic/D_leq_k_ms": 68.52072025139933,
    "val/feature_bicubic/vector_field_ms": 455.41428037540754,
    "val/feature_bicubic/D_gt_k_ms": 159.81574049874325,
    "val/feature_bicubic/total_one_step_ms": 683.7507411255501,
    "val/feature_bicubic/vram_gb": 2.3568686842918396,
    "val/rf_1step/rgb_l1": 0.09244710113853216,
    "val/rf_1step/psnr": 23.485947445438306,
    "val/rf_1step/ssim": 0.6564890146255493,
    "val/rf_1step/lpips": 0.07755985180847347,
    "val/rf_1step/lf_error_vs_base": 0.018038813839666545,
    "val/rf_1step/lf_error_vs_hr": 0.023632586235180497,
    "val/rf_1step/hf_error_vs_hr": 0.06608440726995468,
    "val/rf_1step/feature_l1_base": 4.226719677448273,
    "val/rf_1step/feature_l1_1step": 3.1585382521152496,
    "val/rf_1step/feature_l1_2step": 3.158580392599106,
    "val/rf_1step/feature_l1_4step": 3.1844655871391296,
    "val/rf_1step/feature_fft_1step": 1.7287891060113907,
    "val/rf_1step/feature_delta_abs_1step": 2.710138499736786,
    "val/rf_1step/gate_mean": 0.9962301924824715,
    "val/rf_1step/D_leq_k_ms": 68.52072025139933,
    "val/rf_1step/vector_field_ms": 455.41428037540754,
    "val/rf_1step/D_gt_k_ms": 159.81574049874325,
    "val/rf_1step/total_one_step_ms": 683.7507411255501,
    "val/rf_1step/vram_gb": 2.3568686842918396,
    "val/rf_1step_eta_0.030/rgb_l1": 0.09374242927879095,
    "val/rf_1step_eta_0.030/psnr": 23.370337366476228,
    "val/rf_1step_eta_0.030/ssim": 0.6495141983032227,
    "val/rf_1step_eta_0.030/lpips": 0.07636971329338849,
    "val/rf_1step_eta_0.030/lf_error_vs_base": 0.018126979004591703,
    "val/rf_1step_eta_0.030/lf_error_vs_hr": 0.02362604020163417,
    "val/rf_1step_eta_0.030/hf_error_vs_hr": 0.0669862455688417,
    "val/rf_1step_eta_0.030/feature_l1_base": 4.226719677448273,
    "val/rf_1step_eta_0.030/feature_l1_1step": 3.1585382521152496,
    "val/rf_1step_eta_0.030/feature_l1_2step": 3.158580392599106,
    "val/rf_1step_eta_0.030/feature_l1_4step": 3.1844655871391296,
    "val/rf_1step_eta_0.030/feature_fft_1step": 1.7287891060113907,
    "val/rf_1step_eta_0.030/feature_delta_abs_1step": 2.710138499736786,
    "val/rf_1step_eta_0.030/gate_mean": 0.9962301924824715,
    "val/rf_1step_eta_0.030/D_leq_k_ms": 68.52072025139933,
    "val/rf_1step_eta_0.030/vector_field_ms": 455.41428037540754,
    "val/rf_1step_eta_0.030/D_gt_k_ms": 159.81574049874325,
    "val/rf_1step_eta_0.030/total_one_step_ms": 683.7507411255501,
    "val/rf_1step_eta_0.030/vram_gb": 2.3568686842918396,
    "val/rf_1step_eta_0.050/rgb_l1": 0.09505065297707915,
    "val/rf_1step_eta_0.050/psnr": 23.23337879998659,
    "val/rf_1step_eta_0.050/ssim": 0.6430765651166439,
    "val/rf_1step_eta_0.050/lpips": 0.07416205818299204,
    "val/rf_1step_eta_0.050/lf_error_vs_base": 0.018270860193297267,
    "val/rf_1step_eta_0.050/lf_error_vs_hr": 0.023736806819215417,
    "val/rf_1step_eta_0.050/hf_error_vs_hr": 0.06774263828992844,
    "val/rf_1step_eta_0.050/feature_l1_base": 4.226719677448273,
    "val/rf_1step_eta_0.050/feature_l1_1step": 3.1585382521152496,
    "val/rf_1step_eta_0.050/feature_l1_2step": 3.158580392599106,
    "val/rf_1step_eta_0.050/feature_l1_4step": 3.1844655871391296,
    "val/rf_1step_eta_0.050/feature_fft_1step": 1.7287891060113907,
    "val/rf_1step_eta_0.050/feature_delta_abs_1step": 2.710138499736786,
    "val/rf_1step_eta_0.050/gate_mean": 0.9962301924824715,
    "val/rf_1step_eta_0.050/D_leq_k_ms": 68.52072025139933,
    "val/rf_1step_eta_0.050/vector_field_ms": 455.41428037540754,
    "val/rf_1step_eta_0.050/D_gt_k_ms": 159.81574049874325,
    "val/rf_1step_eta_0.050/total_one_step_ms": 683.7507411255501,
    "val/rf_1step_eta_0.050/vram_gb": 2.3568686842918396,
    "val/rf_1step_eta_0.100/rgb_l1": 0.09918635757640004,
    "val/rf_1step_eta_0.100/psnr": 22.843974355822517,
    "val/rf_1step_eta_0.100/ssim": 0.6230003759264946,
    "val/rf_1step_eta_0.100/lpips": 0.06974136270582676,
    "val/rf_1step_eta_0.100/lf_error_vs_base": 0.018859521602280438,
    "val/rf_1step_eta_0.100/lf_error_vs_hr": 0.024238173849880695,
    "val/rf_1step_eta_0.100/hf_error_vs_hr": 0.07012336514890194,
    "val/rf_1step_eta_0.100/feature_l1_base": 4.226719677448273,
    "val/rf_1step_eta_0.100/feature_l1_1step": 3.1585382521152496,
    "val/rf_1step_eta_0.100/feature_l1_2step": 3.158580392599106,
    "val/rf_1step_eta_0.100/feature_l1_4step": 3.1844655871391296,
    "val/rf_1step_eta_0.100/feature_fft_1step": 1.7287891060113907,
    "val/rf_1step_eta_0.100/feature_delta_abs_1step": 2.710138499736786,
    "val/rf_1step_eta_0.100/gate_mean": 0.9962301924824715,
    "val/rf_1step_eta_0.100/D_leq_k_ms": 68.52072025139933,
    "val/rf_1step_eta_0.100/vector_field_ms": 455.41428037540754,
    "val/rf_1step_eta_0.100/D_gt_k_ms": 159.81574049874325,
    "val/rf_1step_eta_0.100/total_one_step_ms": 683.7507411255501,
    "val/rf_1step_eta_0.100/vram_gb": 2.3568686842918396,
    "val/rf_2step/rgb_l1": 0.09323682822287083,
    "val/rf_2step/psnr": 23.413220799489746,
    "val/rf_2step/ssim": 0.655879620462656,
    "val/rf_2step/lpips": 0.07107996835839003,
    "val/rf_2step/lf_error_vs_base": 0.018946501659229398,
    "val/rf_2step/lf_error_vs_hr": 0.024360618786886334,
    "val/rf_2step/hf_error_vs_hr": 0.06675808620639145,
    "val/rf_2step/feature_l1_base": 4.226719677448273,
    "val/rf_2step/feature_l1_1step": 3.1585382521152496,
    "val/rf_2step/feature_l1_2step": 3.158580392599106,
    "val/rf_2step/feature_l1_4step": 3.1844655871391296,
    "val/rf_2step/feature_fft_1step": 1.7287891060113907,
    "val/rf_2step/feature_delta_abs_1step": 2.710138499736786,
    "val/rf_2step/gate_mean": 0.9962301924824715,
    "val/rf_2step/D_leq_k_ms": 68.52072025139933,
    "val/rf_2step/vector_field_ms": 455.41428037540754,
    "val/rf_2step/D_gt_k_ms": 159.81574049874325,
    "val/rf_2step/total_one_step_ms": 683.7507411255501,
    "val/rf_2step/vram_gb": 2.3568686842918396,
    "val/rf_4step/rgb_l1": 0.09435260202735662,
    "val/rf_4step/psnr": 23.30612860911139,
    "val/rf_4step/ssim": 0.6551976352930069,
    "val/rf_4step/lpips": 0.06535594130400568,
    "val/rf_4step/lf_error_vs_base": 0.0201963281724602,
    "val/rf_4step/lf_error_vs_hr": 0.025419085519388318,
    "val/rf_4step/hf_error_vs_hr": 0.06737856031395495,
    "val/rf_4step/feature_l1_base": 4.226719677448273,
    "val/rf_4step/feature_l1_1step": 3.1585382521152496,
    "val/rf_4step/feature_l1_2step": 3.158580392599106,
    "val/rf_4step/feature_l1_4step": 3.1844655871391296,
    "val/rf_4step/feature_fft_1step": 1.7287891060113907,
    "val/rf_4step/feature_delta_abs_1step": 2.710138499736786,
    "val/rf_4step/gate_mean": 0.9962301924824715,
    "val/rf_4step/D_leq_k_ms": 68.52072025139933,
    "val/rf_4step/vector_field_ms": 455.41428037540754,
    "val/rf_4step/D_gt_k_ms": 159.81574049874325,
    "val/rf_4step/total_one_step_ms": 683.7507411255501,